"norm2_cond","normF_cond","normM_cond","normI_cond"
29.676081556459,55.8523214853174,5.71487272736994,93.3772256582969
331.82827514583,618.693219204023,44.3639433530289,804.030828720484
62.3200491119583,109.145103197452,11.5942157084681,208.482940460968
12.4101396376206,29.991596643337,2.06568945859459,45.3168786607923
16.0234185229792,32.6572078586687,2.29247893077293,65.7755215636047
10.1051666552429,27.9962401498054,1.59889491806087,32.139016467284
35.2345060000848,72.6624386995017,10.4277702481499,122.973636183489
23.8807836191407,46.2039168961394,4.92393102771373,110.400319618258
53.6930765788429,99.8853056601149,8.91885580040899,180.75237590549
45.1573498439194,93.2489263706821,8.64514481496133,119.030515176242
63.5137884688538,108.888822000236,12.4002182748002,194.205384164198
109.762301058971,202.193880780875,13.172446814648,292.34073187742
101.625823613022,193.950181621333,17.8875528550718,260.456403817848
431.256515220448,841.797251580033,84.9492447694637,1366.13068056051
23.1337185903071,46.0704703613211,3.43201766658471,92.6012116280826
184.830227785578,321.576376563648,37.7243333252288,513.235055153307
72.1216426155636,118.623932674922,10.7263405613176,181.937296536086
124.161063216599,214.933340834727,17.7490818212399,353.640582279194
61.2789868294953,107.698878400575,9.38502835746256,211.806576634209
76.6006856193104,135.445427550962,19.0094861944462,223.491537544419
378.882903996423,633.26380166757,50.528882457641,1540.90666410848
25.6251496589725,58.3274766231491,6.5747608349791,85.2698073624653
21.6805294366501,44.302340322469,5.89299715378729,79.6408694623207
18.0266776262543,44.4226354090304,4.19101001910895,63.0449197757609
420.77405838623,697.690979227411,91.2667123570506,1342.2579614373
26.7505921840286,49.2632293888863,4.45976633994492,88.2423201562469
25.412150101356,54.0520102248742,4.18302573082681,113.311470574216
16.0551648389609,33.5655706387737,2.57578518082795,51.3573666776073
49.6095589796319,100.40467578976,7.41733314657346,160.863944814615
20.0698878178711,45.3409726034401,4.61698845251506,53.6995057807171
34.6939026093867,64.9334335770549,4.09613751113991,82.6155499816687
14.6385421777161,34.5125980815595,2.13584571376264,51.8100343185057
18.4841472136824,37.5326328321132,3.08929778054062,53.0541801427035
93.7132013853955,161.309291891503,14.1801395544615,285.740725487665
24.1877756813456,46.732362386862,4.13860925341744,74.2695148715915
1195.86134476448,2163.47144575245,137.29614326684,3078.51975478224
14.3075902684452,34.2666446130983,2.85505018145194,44.4444505459188
23.2893649414567,44.6046918252959,7.62983492690982,103.676818324051
182.72691483641,335.067546508207,24.7392815008562,473.136710388435
484.158487618533,849.486284506843,71.493714299532,1840.08098035249
6934.18799239861,12182.0905640522,1550.7655778649,23270.058227425
13.3253789879154,29.7992623571816,1.81768863323398,43.1046704579012
95.0495250384088,173.37689358411,18.5600986675444,287.66611108178
28.0195570729251,54.321334640259,4.11671894330454,71.8730033556837
50.9300877783974,95.9029211443867,9.69978606077104,219.938769244133
228.934010768137,400.301728508964,52.6460392891288,560.877820715187
14.2145726125191,31.8420953060624,4.30634442886599,60.9184842767499
38.6024711875106,78.4454346267249,9.50128438637195,128.392047015487
30.6909134613913,58.9986751880662,4.29049127862683,83.6665324962438
13.9437147688851,30.7469381126257,1.99161695233013,49.4774805305471
23.1164158323636,44.1789135445338,3.88062146108146,93.6827146605416
150.143809633006,256.381355449619,18.3992990256544,455.435228152327
14.5589000309176,29.762248166672,2.11981712281972,44.4042613908973
41.4111875985506,75.2330144095057,8.55908634540514,121.405026547834
254.377875645739,466.189387277151,35.9750852004423,900.28808557951
39.8090571269456,75.6976145619576,6.0837344711985,113.47227867577
138.754202948907,254.558204642868,18.8927275392027,437.208057330246
10.3230799320977,26.3259820064166,3.06901529016603,34.9205469647507
8.90217243374687,22.1211389652856,2.48318524150286,31.4865357978854
186.502839914949,344.605625270017,38.1029287315908,659.880187977162
23.8247889887756,44.6198970445442,3.47104637713587,92.4663120549505
12.7258317820867,25.2372909868509,2.69676788457415,34.2132791464821
49.3124452621137,93.6299735694151,10.860442047561,218.035016806613
14.6452938609406,34.1186375454767,2.91205029293707,50.9460366858652
38.2828745313782,66.7744542982326,5.22154732364861,82.6369741221127
11.8360613593989,29.2351392361799,2.47654298662409,44.4934733625596
2359.62912867501,3807.38496503198,558.778946743684,8472.8649355951
20.2691311652642,47.4857690660424,4.14292099367297,71.2539367864373
70.2842747191655,135.29820463736,12.3578464780151,244.566010197783
13.6222957013521,27.503385122322,2.12572426572744,35.055027866556
339.385911387548,588.944494277037,55.3194114731837,1253.5178325426
24.3208473138005,46.8523390164659,3.77988433145958,105.566551511517
9.67295697798146,23.2841407949442,1.28657959916147,35.5341742964937
96.6405994586221,181.424765966982,15.7000424843364,339.494135844784
16.2709241495157,37.8501021675611,2.22365212196668,56.4955514569064
228.084376090697,388.065319666799,43.4016303354713,719.752789351082
217.130633786604,406.676329434155,25.8510894232605,656.473434507637
15.6984843929619,33.6466283991035,3.1343532453333,53.4597760455362
123.319069334555,233.466890738023,14.914360086006,401.644066901947
27.3446497605461,57.6850523246084,4.8017232325805,63.4632085799592
28.5702352857552,61.1588333871463,8.54004079520559,108.629865932869
9.49259215996216,24.5329496959155,2.04569231167643,28.5434438609724
22.0533308849512,47.882810308321,4.96619048225535,86.8275278885048
7.83929291457503,23.3784309714121,1.49129735464455,30.3444499510073
30.9106266692248,69.9308429010669,7.16029220343632,95.1988615730665
17.2964103118753,34.7668417565851,3.09230011997867,61.5384676270413
45.2574464883367,73.2453786997848,7.17720795844543,108.386211412267
45.5854917731967,81.1950171551013,8.80456548240399,207.677304686352
235.600423224258,455.703402126305,62.1403271948312,923.9080078507
2290.38253309567,3624.50071237934,332.861673224812,8201.60402463343
27.636731637434,55.5119725955755,4.05708330714961,71.1636402103775
540.288081129734,1002.87631933453,88.8654730078253,2088.51972092029
28.6353003077708,65.1368560029954,4.18500877154473,95.6527750392131
12.5549037224852,30.8843175779163,1.85910039384571,43.5610143212152
10.5446927874218,25.9235324082725,3.53961207811262,35.5835908984705
13.1311447820671,30.5777742512458,1.90569184527005,43.8343293713094
20.2627313253105,42.0907336396763,4.22109898548152,55.3616389663002
24.4722096190036,44.353539882896,2.92478534601912,74.6034629246869
30.7036033453469,63.81945349407,5.63337443647198,97.3224679458984
23.9280598904602,50.5528158275545,3.90130875588082,69.8692821266363
39.2485502690031,72.1703881927325,8.52202912820202,107.015505286998
14.9750439127572,37.1495939179083,1.87305779384539,37.4998331987379
10.2455181963301,24.6244039032953,1.71624304202735,26.282230063961
14.7213006353547,33.3697098268471,4.50715575448669,57.1221887106109
4034.56630431704,7387.88429106362,607.296770694268,15294.5542773761
44.0576290336741,84.0251833695753,7.70719935842524,160.994124096763
10.311625760178,26.4254882469656,1.68332672437263,29.0660638709103
14.9883862106733,29.7883249040097,3.36581572795951,55.1968199971847
125.051793382752,228.406762133315,16.527283113718,402.576307032957
50.0105889292275,96.3863907496396,8.66148555949357,123.0253899267
61.2077467944991,121.820695360636,9.96664754273087,158.212136239511
18.3660325966623,39.2973645095159,2.70336666333645,43.6418430705567
19.0273842572176,44.9472680453816,2.97840302499183,74.1425243529174
315.656721832914,599.102574127059,57.5210247598064,1033.70199350632
19.5636387864948,44.2237274676514,4.64284088286324,63.0945669122417
15.8757805164737,33.9336623670007,2.60723210815044,57.1066439655656
71.631519571506,135.481839102045,10.6863999756072,164.598841046457
22.5014484409395,48.6813935882989,4.18115375528828,70.003783360232
50.193477684669,97.6939194880515,11.1786620576553,231.060083925084
23.011245740601,43.6685020112348,3.61050217067695,101.182379345793
47.8842401971191,88.3469618147913,6.89152744620574,157.900173567094
1059.2743308629,1825.80944416246,170.949765411846,3094.74886368607
10.1237319008038,27.1707289578081,2.09504684220978,32.5904403919944
9.98983501470196,26.4330850641533,2.152606606179,35.2529395918228
22.8081700645476,39.4593045192442,3.3982465512242,72.3827218654347
7.6790744045093,24.3823467617076,1.62182967874744,27.2732531182107
17.0340445667799,31.965103862006,3.11649255372135,42.349902956563
75.6288673972916,126.341476760302,11.3549324916379,259.745356965447
22.6880576487293,44.5054104755995,3.54651825306072,76.7944873072342
25.4961090327742,54.1641900441556,3.96916210957172,92.183267354209
448.602108723979,798.436507651121,73.0849758877829,982.828772818685
290.614827135646,532.055360885124,89.5094384237255,1094.60134845809
25.5232180879805,51.7169907122191,8.06236504360767,87.4549416032869
44.396554083657,87.9442974091982,10.5378315829761,111.048055764597
16.1484056358057,35.2403492394877,4.20540552592609,69.9355748372943
122.561431636026,180.88580870807,20.4508573885132,375.793829465945
31.6677555868923,60.9454700302362,3.74788409451153,83.1918951651465
48.2944717021116,91.3015333669638,16.6076934955162,164.725763396681
11.8213590924034,25.354557472519,2.63689323984336,38.3010445708458
14.1917506886429,30.8489174045585,2.82439783309076,41.0560504633121
55.2526280734677,110.600061551087,16.4051103351268,214.654962237174
19.0765324737548,39.4187292043597,3.99502082669299,65.6031869149261
35.2877313326764,60.0548086572011,5.35747425404043,95.4979839780344
24.9745880375395,51.8791398008539,4.57531979760704,94.7349716273914
54.2054601989813,96.8086448997073,7.96188467995297,137.867310627029
19.4094939682836,36.9387533610105,2.7220160336116,68.7496465714599
22.2922883851675,50.3261570607009,5.00038487056992,97.3773251102477
37.888116831389,68.9811900070502,4.48923620220229,127.329404477805
235.981309439749,462.913005518896,34.563012288815,554.052099957072
581.096374332873,1006.0117584014,121.185632330845,1808.36571966853
9.38957317320508,23.941913846024,2.36215535654196,38.0353028964916
24.7054563324944,46.018425535266,3.73550151693652,86.9673425604834
107.747738017068,211.51834022508,23.638654449154,449.233903367469
19.6358464401837,41.1646124693757,4.0148536908124,70.8255109223737
18.1722907244555,39.277003882603,3.08758412729444,49.2976261855611
23.1686182971938,47.7309173613611,6.80976274014367,93.9189223798786
360.254552794701,707.252425451908,88.672096036883,1287.2008512194
41.1934411397413,75.2656290473725,8.64479297418596,112.698282176595
15.344630108793,32.2642399926628,2.89918546155861,50.4956585671379
34.5321145876534,66.5827825909958,6.24475192503475,108.550484887972
300.975448257194,496.074011908032,42.2274541125238,781.900950418492
26.7361254556548,50.6899913406394,4.22780074701164,68.7289251369662
102.918509428979,170.045204113831,14.276793165703,310.885817929291
32.8080284428584,67.1681433067631,6.60953184305509,117.344855245029
501.007596060152,747.530474733732,54.9833452790949,1029.5231977136
101.481197532006,184.273872829823,18.8993456849154,395.650509309107
23.6834680844475,44.1694153260946,3.85298839916564,67.5663560486806
72.2507135545858,124.720989121005,14.6817560005764,304.415200978386
21.563588600801,43.24818402516,3.86502081103617,72.2508336775921
17.7457753557804,35.2699315325022,4.79922761893889,74.5727142584453
17.9967639344001,36.117807960096,2.90988246623672,46.4314698805399
4853.77812184649,8840.1517459762,815.893027879978,16554.2725152955
14.3799869382438,33.2122954460051,2.32437836055603,40.5638832278754
269.533341963457,507.490907941422,49.444748137716,901.379324332649
11.7964952954429,30.5750338723029,2.46680625017631,43.0823052960834
188.963530408042,372.525722540115,39.6949842254176,583.043339027612
12.573447500262,32.1409779380314,2.46044835618524,43.0224754881526
27.1368142127615,51.96642378083,7.28832581445304,122.912154104468
135.230418488429,243.343445841021,36.682203764776,549.261258833035
28.5142308049606,56.1337972870202,5.1570579618917,76.6679847840287
13.7155904722729,35.7962097165041,3.45796992032835,40.520594497483
29.8878431394719,55.796157662884,5.26765328022229,76.4827566595024
78.082893707947,129.993143266866,17.0163019600194,215.715637506762
23.3112947856827,49.0707220829474,4.43591037443263,85.1350413953189
42.1560866127892,77.2171950083692,8.88759062322942,117.719734015971
37.385321243436,67.1714451280131,6.17574511890473,114.593565597803
57.0421948590959,89.3185520430855,10.8997854372336,126.134579061348
48.848023254139,84.7496482847334,8.79222627947607,132.991562635311
24.8950571730475,52.9778367114526,4.06611126786655,75.5175960500887
204.985388673053,355.646404548494,31.1904989239994,506.810297576486
14.8945468467195,36.1500007961268,3.43051422219185,42.1055580695943
17.3300223360868,41.7561804356058,3.83869398808552,57.7571572609027
200.348797485134,326.34847417663,33.4391495722433,629.754402826356
86.5660212731967,166.94256720381,12.1772725949139,228.827647706493
14.4130269052507,30.4403596059437,1.740279946986,50.4752685481974
25.8096903979352,56.0301080195276,4.59920483432139,86.8658903453287
138.820822636017,269.677476300202,28.0868880484888,492.319190954314
32.3261039705905,64.3998322244488,5.10740610666724,106.810472634827
15.9428697609228,35.3038626544627,3.52541343377761,45.943116946359
13.8611369551917,29.4547436363085,2.47950164599256,49.805244452185
23.1121579900964,45.8648856799245,2.93671282082988,67.8375382044629
38.3083466622051,74.6399954024939,4.68203830323373,113.883187820506
17.6380477445885,36.506461729351,2.46962700201141,61.2846196158573
46.8179467512374,87.9067675544503,9.21458735637364,161.814035213809
12.9723677676873,26.9179580203648,2.10459872532706,36.479953379505
14.6138003917346,31.9765269348408,3.95149751485735,55.2164825207343
111.519373826826,185.372753949191,19.6518285201842,252.535886145339
23.896318578394,45.7421105648026,3.83564896485986,82.7550063248113
12.2835326318835,30.1391221949671,2.21826866201402,41.0653226126044
57.8346669291223,108.317516316791,11.0926861732377,149.102629895607
12.791033750072,30.0751743110577,2.96142323299282,46.2681524457753
16.8409280345458,33.6924634855572,2.18009082902996,51.2683947965424
46.6277802375055,88.8228563040651,6.36985744017882,140.37663380773
3779.62209925036,6856.52207710815,620.839083514455,13765.8390025276
50.2670351442439,90.1509052235589,10.571249025083,202.191974560102
35.4067765158789,61.7374233893569,7.38251075256301,117.062796419918
19.9593874468531,41.3050834526157,4.04308695623274,64.8993147213928
12.7697215283145,28.0802100103966,3.09848742937797,41.4738492113377
19.5618015740672,40.3927049140074,4.05576143575015,84.9180925227774
15.896364928346,31.5141836040718,3.73449630206413,49.0267439739023
24.5627992579798,47.1835120134032,5.70200050070906,71.7163475362427
107.537807359493,197.225959095504,19.3851961888782,266.03411628333
38.9221342106455,65.5195041475741,6.06784818010275,93.4502886920226
39.3625499422486,70.245015542579,5.99275658500261,123.965538984169
27.3551738404284,52.1443930801248,5.67442247211741,102.412717357618
152.144161392766,236.418063697262,26.5789494479864,591.426603922137
16.9273650264765,40.2609740198893,3.39084139417085,66.3227004545072
20.5268434300406,39.9386567382738,4.51765424008437,82.3129657897697
15.0653484649991,35.7041976062935,2.12416737941745,42.6592442761312
12.8982975252384,28.083562038363,2.65626440115101,39.7113089463595
34.466639933966,65.3793683216962,6.4003459486741,83.3367820161174
137.168104981757,257.226724357399,20.8511624847985,442.140012655879
21.3926549265693,44.0722995486797,3.84042949175242,78.4088632263985
54.7681655108956,101.217421725562,6.22297398104188,136.441025529927
4594.35587985604,7919.43157422798,676.883981571173,14822.2287813624
41.8451644786737,74.4516266623569,4.83611338821614,76.565577404163
25.2484882477899,45.8995782888004,3.50523419177359,73.921224350622
203.162848044276,356.485439881034,44.2468875990754,515.65556584419
19.5642233960553,37.0880147124417,3.57612564152467,72.6596166570369
19.1236738791714,40.6497142221266,3.45844606183158,54.313014426778
20.9196298683895,49.7292873052095,5.57788751718919,66.3823417109371
35.6215115074741,59.9547806360575,8.37879370316542,100.732314644241
18.8846975245994,43.7359969526198,2.91092804890116,53.009781404134
7.26083230853057,20.4783354983834,1.59064561145344,32.5637410651387
8.73528719174316,23.5239790639402,1.98949964911209,35.482709003028
20.1363715657354,41.6979809255179,2.92893373627965,62.7399507296719
25.8175165950886,50.286906261889,5.01298917193647,81.101143018687
33.0168535879326,59.7702222386154,5.65385881551622,132.755720788258
6.98762457697715,18.5961456428304,1.65761127711646,32.6856239106564
23.9328913210602,51.5982347213427,3.1447077989984,73.7730554150672
22.9253604381578,45.2068938391762,6.38451137614074,98.6196519140586
28.7865278353144,54.3581046197955,4.89906727049161,97.8351066130287
34.622894667946,61.4602953692602,6.79503650400204,152.422653075183
25.7632503381986,46.2867729854477,5.38737695424,92.9286674768415
23.0020276123299,44.3664440712723,4.22978661046204,68.8604896697718
30.9501498626588,65.2433152339161,5.01008140460015,79.7437043172802
66.7511171600917,124.331016029328,12.7541294506892,191.02382464341
35.4462174620208,63.5078537368198,6.63728660567509,104.09080500511
24.8730563477136,52.1270626018074,4.2434325896769,66.7614583836006
56.800914933024,108.909484972338,12.332722201524,179.412103167828
67.3381878053171,120.714610019537,19.7221517887285,236.250372625904
17.3540840563413,35.6629065411349,2.30951035739304,76.5913812317454
56.2074158522132,108.073007042401,12.9145954827199,180.540191022783
78.3918629650447,125.149866691672,17.2469981553256,210.363002613187
735.477390164551,1290.51835450102,218.64782012859,2291.24210821219
18.0793461602365,38.8146117398604,4.15134995094727,48.8452251762094
17.4985671438206,35.5583866202501,3.62945488734941,87.4593203733113
31.7318324533846,63.2600859877614,5.1460440526138,110.892957547088
34.5434690900051,60.4691735220357,5.65310259154685,115.094017735554
55.9763473445182,101.5942796627,11.4419401790574,229.91594706664
9.84214743613746,24.4024673714199,2.789439858977,35.108665700605
24.4772993330184,41.9018239986437,4.10400031116443,76.6859300821396
12.0128095257526,28.238229292523,2.16197552581377,36.9695676360425
87.4490326805123,148.720865892222,12.1365037966005,285.69976034293
7.42695017889157,20.4936325280793,1.82525862659072,25.7271848844105
26.0471874360036,52.2861293438379,3.90045012039144,73.3553275425831
41.6346538199653,77.6737978364003,6.02806412564211,128.05133087562
21.392572287858,47.852743781557,4.13555490227251,63.8533135086501
78.0858424714012,131.466124731506,13.6201345045954,175.171355831251
42.9895066959682,76.909382967772,5.96914413610872,118.086975420613
18.223939431255,34.6486544454691,3.33399498479773,67.8012315257027
77.6936862163917,132.223035949724,9.05273941066661,229.300733076714
78.7145700852488,135.754033679147,12.8834192646768,346.945777818544
69.7664311962376,133.697154414696,15.1955259316608,288.82001579917
29.2772561625225,64.5378636681678,5.75390147095083,127.683268674975
15.1198957984309,35.9661211321823,3.18730032836334,57.085129234857
151.05620002872,277.901948620793,27.0943686174318,442.991491751216
182.058506028896,283.917866716098,42.8405511026828,619.471991798943
11.2703576803039,25.3701406263206,2.25001987396041,33.0476133738998
21.9870828164563,46.4066985515462,3.49593286632506,70.070104132707
51.1484586205045,99.4291590017254,6.63373424260026,143.682358005653
36.1515198749247,68.7070660965958,6.44785329355545,91.6477343593292
55.3730697994584,96.0383878140282,10.3789129836714,180.349283499993
6.87742913679187,21.9994810194886,1.41149856681041,22.4821885964467
21.2784523323683,42.3606887539076,4.12025326232488,70.1852549865287
58.4699842579212,110.036259128971,13.7862744932662,184.602471765874
151.717685522129,242.21484823439,35.1023502603536,516.986255154999
14.9248766320919,34.6405772412144,3.84132504523253,51.1499083590439
71.472239589651,126.881032817225,11.0852027654659,247.602058149179
18.0496597716884,39.4879026818341,3.03690354991334,64.5277266097041
55.9410050452787,109.32586370051,9.77079923038558,242.568097195663
143.436669250273,244.574549388877,17.5954162081515,415.911824208447
36.8482762156046,67.7817928195613,4.17289953450893,90.7067947118261
30.2215097654588,61.4370815504594,5.22955052991841,113.998595034658
290.576843402471,510.151101390691,47.5618308186933,1091.27229090335
17.187952288047,33.9599282619223,2.90853856993969,40.5136734495302
15.5508333694702,35.5041476615821,2.66360251814662,61.6411930559947
308.196251670027,539.099002920856,57.0057584070669,1002.99474765666
74.8011782330999,135.244644066877,22.9669352043372,227.810923926212
146.118566635129,262.61124390676,29.6371425041282,471.271927812323
40.1997039677953,79.7107763464687,7.65106485975421,139.867537166557
112.985069860754,189.551329222715,22.4652572681632,373.303125972807
47.0354102958844,96.2682375798207,8.67629214991268,147.711825945281
57.5157985431074,100.976446162093,11.811913322979,172.07331910823
27.4208717922918,46.0669759894434,6.4739080096056,62.4715116444349
56.9151202538179,101.235260714454,8.85025692655203,234.87692649943
46.52884535442,82.440114310432,6.80754853311495,152.353637441323
87.3931824079138,174.981604204768,17.5379879286782,262.88575803551
70.7340500633567,124.906469452148,9.48623869541809,262.944073695014
40.3497015434017,80.1378563817715,9.09787847151255,108.23979394547
15.7815181089107,38.4225674819704,3.5594557008271,56.5097624336014
25.0537608351363,46.8687238822163,3.47287803752008,81.8471280439281
9.14242766789294,21.2499604517255,1.42606660371706,32.2638161475466
50.8149614320276,95.7096011815516,15.8588507912721,194.509712744933
16.5080202055372,33.6895819776021,3.38391621593675,50.218676438718
16.7090678155985,37.8334577997215,3.03413012468734,64.6264488889868
49.6253958336832,95.9472561413727,6.1610191762983,179.025456566742
15.6896751605775,33.1614340101354,3.7107845950011,44.1443121317316
22.9455368645412,47.6166158540838,4.83933441365022,91.2525976238103
15.172169938438,38.3552720736967,3.40714010352687,49.8512407826401
43.4156871923435,83.6028943117692,8.26746714857638,164.843246700102
32.1308749261622,73.0122415005419,8.85835370741322,113.298121678008
190.104400920385,306.645228667657,23.7547077878903,505.376848846931
461.434182552726,774.787395691454,70.7694632029416,1409.76025809486
39.1211687734926,79.5599114264892,4.81583106192099,125.223042515027
64.3005776885312,123.490929058782,12.0767337735709,263.600260056576
18.3178591235405,34.3133954178362,3.14466176850544,54.0477318553091
222.824275600771,379.698552019566,35.5615339226294,635.69393713292
21.1264334465611,46.5580399920514,5.12419953844038,66.6402372678517
18.3410024960672,35.380837186733,5.60461846208919,72.85871129944
355.821667251996,651.687972734599,47.7428132086757,921.380239754085
43.2352146150246,79.1406073785659,8.08442616703368,137.201876536374
41.1883757749114,82.4206723485413,10.4842408175063,189.61678679912
107.448553778447,185.548464366882,26.5500763513047,319.162779341733
78.2525621390548,145.688267506863,21.8610439805408,265.614761484392
26.5696228815553,56.5746974444633,4.06929356149555,80.836901975837
12.7509430330636,28.3550998567952,2.77128298734028,44.8560419778026
22.4517379187629,49.3420196580828,5.61417196039027,103.171675302594
64.0405469385604,106.739233516133,21.1972422516914,314.531530075897
69.2421961121424,128.677606520563,8.4485006188575,190.425848319177
15.0677294387397,32.8469679274432,2.42223597262392,36.7098231579369
41.28716267368,69.3523551271905,6.67278208031082,112.335432417559
12.4341033661753,30.6302586734623,3.22117605088151,38.8462480033692
25.6849493485608,52.4702935180307,4.26361847586556,81.2120487763641
22.6710108800646,44.1549495625264,7.55194006944646,56.1954896130944
46.2754397855313,89.2211908882246,12.0623752672546,134.75837652317
45.1705010531566,91.9822674437834,9.899313518766,135.319120449604
17.0388126538749,36.1737060473213,3.5710191712011,56.704013793325
17.1390906224715,39.29281988536,3.67904621748604,51.0517033785755
20.72805131326,40.2005356687436,4.13283568425264,55.8953745275639
27.8233050983569,61.2575811889162,5.94675063316156,80.2829290615281
15.7856725211746,33.8659549848471,2.90112774663174,52.3567294862273
31.5934322722847,63.538663961622,6.68320348080557,107.361567961035
35.2498412991846,62.7300094918832,4.09128066452827,116.601105226617
15.1080946868493,35.4873581828194,4.191533958406,60.9893003733697
13.2027650810513,28.5864556971408,1.87719842509736,46.758800455616
22.5282444225457,43.2866866388501,4.42857894827727,67.4012809481205
14.6170815477234,29.852383184542,2.42539634764526,40.4071125926666
443.295089266253,843.276291482425,66.214255346162,1315.99892963873
40.5998829843192,78.4472602221673,4.28134246245361,145.506050008755
48.1011474143621,87.2148911602541,8.37725434906027,114.494231081542
32.9302266531674,64.4643508090862,3.84464504816201,115.455607907199
49.5198799392302,101.421183782605,7.02995519988352,154.633191888915
18784.1470580613,35293.3755309173,2802.27252080923,55249.0579954094
49.673440694504,97.0499656911855,11.6626283200964,192.466664132258
542.901243721776,984.293457527139,79.7313711633424,1701.30251807333
24.1958596182519,46.138322239334,4.34455815087414,71.0456755139788
23.0223362539193,48.7837922319955,6.72737063601068,66.5186762514129
46.6540217910059,96.3639716842719,6.13383782217558,131.286837291012
63.3670154804935,110.313755563598,9.32865603349014,204.634122586674
12.4853097981969,30.1488343902116,1.98426381875073,33.7575470839828
57.8094660423257,95.8099449906699,6.00291395210051,146.943134090823
18.9134615818229,45.913651967789,4.20317331318955,74.5014629786544
57.8200459987841,107.897670512496,18.0605310386961,228.18668559947
22.1807134669636,43.1055497067902,3.76279144412745,58.8981366067455
15.9970013322543,34.1564452266849,2.5245311412344,48.0714132888193
29.2056011496989,63.1214934516678,5.83172660013667,100.733501843822
303.167924835156,566.093376233,72.9561039565283,932.973758569971
17.7341540878607,39.432528614782,4.04769217669899,74.9514470395522
57.8897951872691,111.223212536787,12.3087872369083,275.527596008277
17.1661767549184,35.8737792870624,3.63336958436464,42.1350063878275
19.1891272263724,37.7095676011477,3.17207163580579,55.2940460751384
414.400573141989,747.060980817385,72.9656800646081,1406.87001588231
44.2983900561615,80.6335533107416,8.00997672236623,99.0537374970739
56.0401714825867,93.6472633608164,10.2823750256439,145.026540300129
112.500847652003,196.825747800141,14.103073369646,260.269486997076
53.1249060334028,95.8900459149608,11.5132457716425,167.253022802783
41.7860766268647,74.9948794622533,7.19199523686448,111.000976163187
111.424627996113,196.546721623149,19.2967329597732,267.743183538435
29.4910478427892,52.7765572030196,5.42047678177294,73.9194159977371
22.5386803670746,45.1826661494298,4.68000043627387,75.9654078934322
28.3832033545838,54.1517229929131,5.23227361703047,80.1654428934644
26.2010345246222,54.9938395146723,3.25848720971149,82.8370086775926
22.9099304888812,43.2501539367899,3.1249192523203,80.7641234281472
55.6648293956817,109.877094486456,9.35134343739234,281.223175013886
28.1680421366002,55.5580695619597,4.9026506987064,87.9477700870387
58.5340729983688,116.884539157391,13.8078101820777,218.206449827528
12.9440612394678,30.4970443469179,2.43905606056543,38.5763363082831
25.806958234522,50.0895561856804,5.92269818766738,78.0494810314809
41.6416785775403,76.6570344910029,5.95803853267528,137.911709706658
47.2217761834147,87.766600783077,8.08906507555423,155.275834121836
163.792511389701,258.749518579517,21.5136479319918,342.836941524984
35.8189227287214,62.4163034775321,5.46499403738025,103.56609679078
56.7110330999124,92.9051014739883,8.47554421721428,158.068788540701
8.9019628697129,24.1052372675841,1.68734688367347,26.6411025241225
44.181836246654,82.4566063371823,6.2544519866797,132.623847345787
28.0019042860998,51.039420985454,4.49477654862915,84.8698243150809
22.3905720255054,43.5625345756358,4.2579861097148,74.1468351061163
35.3493991247347,72.961818414177,7.91776994532496,116.985473733456
106.880800047903,186.601013571911,19.1634935284684,283.626658275978
19.808560469539,39.2449242929264,3.15352181253325,62.8329327724857
7.37597437449098,20.8884808631683,1.18820535420233,24.2900426538193
376.458560985367,691.355606311391,64.1464530570102,1055.95603968575
9.52626008878774,21.5832797711355,1.97488284495934,26.479672948084
13.947831511718,30.4983414612192,3.65706600190376,50.5130477242492
10.0306709696091,23.6795015004494,2.01733998684643,26.7433178014875
12.6146508452216,28.4541818280913,2.37558264003501,38.8724786185829
19.0644373070244,43.1502919055327,3.12124238289443,60.2322433174297
7755.18909049978,14417.9463475199,1685.95790936511,22980.4533851149
45.6336387289162,98.4203220793469,7.98694025391782,197.83380697763
14.4909794918244,34.416207140133,2.15855485227418,47.6375545334557
23.1687980283269,43.3425372439486,5.11158302155744,46.7500438105054
33.6422871554018,55.7010759494812,5.05604166246577,87.1269687959279
36.6112264085752,75.1985532641488,9.65847537280474,106.249677461282
39.6899577762226,72.2058679973779,8.0422087684222,98.0189087464141
15.5458502146993,33.224778156963,2.60447529783704,42.7196898390869
65.7754218766054,118.350226029668,16.0133153989582,186.115164392648
77.1155123491854,134.244930468916,12.448201373812,253.826301780414
9.73559809168275,24.3047148495632,1.70557315797012,23.2178534966245
20.4493473170917,40.5535868939242,4.80284340635819,62.3730308793587
64.6497859122192,109.629049511843,7.80546910754439,242.656048895529
17.6173504702749,36.8613866969308,3.09667263398623,51.6748507087325
27.2114410653573,51.7399477512657,4.19473073024532,55.0221933792376
24.7566723699427,51.1247379523501,4.29927642317837,100.20148857245
19.9572878253326,38.4130798180866,2.75018237549538,50.9509192476986
185.895988487247,286.851207830632,48.1023249214941,537.578248811324
81.9342571671577,162.717516855139,12.8782471104507,274.784266428587
43.8004512816964,76.0796254048952,8.96438455924917,148.950414746979
51.633900573991,99.6334018370874,10.0552123680661,212.417061032536
37.8978290281519,63.2356852416939,4.53291536355104,126.474818067535
191.4924491724,304.076786427272,25.3784237441639,341.727590174527
84.9699892565557,165.937723085416,17.9524346586562,341.938422610251
23.7716327843582,46.1609114045686,3.4523549489668,71.1256042348788
9.35592858581399,23.7691462650413,1.98077898184742,32.701866438923
68.6895102621797,111.870498428931,7.41469948673231,152.011114522468
28.4500490318905,48.5044707109826,5.89507510396206,92.2931648039585
67.4286608967417,134.759117898655,12.5550028457304,201.390855583985
161.902224779722,282.092338544662,40.2764661124001,443.482078117012
45.4166520411718,85.655524706527,9.14705665659618,183.985340673827
20.316498480948,46.7604643912153,5.29355611920171,59.3962370564883
16.0943310888613,32.7131637568187,4.15666515749563,56.7495062317932
36.3136209456389,71.08718171537,8.40328997066757,107.219911482738
9.58852654052899,25.3871580214885,1.78990872614222,35.4051117052473
16.7957913807702,33.5402394372716,1.71805163831676,56.5781017483199
128.295985394587,237.648637159262,30.0216134698844,448.997521467306
350.08197332159,645.36107779204,50.1597962498533,761.555595301846
18.919972028134,39.6476885065803,3.36860086765002,48.6019250040944
21.3080124076383,44.3584066889265,2.67018394222552,63.2161193597287
165.41605860626,297.365634328062,31.4626055554137,411.663433316629
20.8822130393986,38.6100879236074,2.92552092748849,56.5435993094794
40.2516958847759,74.2790073568052,5.50134049417341,105.068888677368
27.5107038977194,50.8783698187753,4.71303988368971,66.085493488389
1339.28732219065,2334.65781213164,189.928599349764,4351.3666282623
35.8852169083149,66.7764159568919,8.62182364021461,127.659116989085
97.5714017855509,166.720902620494,16.9331040763722,347.004701084399
20.5164632420163,39.8917752201719,4.2463177105181,61.9549080222942
152.632796965999,284.772922156481,46.5779756452289,643.51842103102
27.9210336967216,55.7424269502501,4.18857333761491,93.1643033638553
7.5675549518655,23.3391023778907,1.82442648639046,32.8531580241445
39.2000202896186,69.6442398745774,5.48676429146357,151.601185575099
25.5619845498417,53.7546251645536,3.52712346514054,67.3824868753472
26.7973388682503,54.4094630213537,4.60896483597371,61.7492583445367
21.5049716509366,45.7493043232896,4.47087458563641,86.2240522132656
39.8139000086885,74.7852981531488,7.45619941621806,124.012220363292
16.7908407814972,35.853930474818,2.48449773464091,48.2865651610492
28.0875792206708,50.0642299550003,4.37941255936231,100.121269088135
26.2878264949148,49.2518239353045,4.61371279181035,96.6168832408393
21.4462714103743,39.3701338872583,3.38332890460977,63.7413097819043
20.3097004511725,48.1210830957447,4.23541431325712,85.2399348233642
52.6523664119873,93.9955831526207,9.0970276288722,157.349963233822
8.64232026017964,22.8986761196131,1.91596683357516,32.5822960424542
35.785248430454,64.4241792569227,5.78530820100953,111.674949365641
103.327326062182,168.083401747465,26.1099429020963,344.978057046544
65.9039555189494,135.531022950502,15.4534586078693,177.544337531044
18.7071664385613,39.236420726847,3.1918937823837,71.2880475252943
11.1273062968839,29.1938251881067,1.89810959271194,34.7723401908018
37.171284215387,66.7376148424342,5.51020944896111,114.214365206005
24.6939946516404,47.7179071169108,4.48247840954968,55.7202096145754
17.4328498403743,35.622558137172,3.13149336900607,57.2029556825664
41.9904048584517,74.9038202079833,10.0183758934172,117.36033234164
9.55472769012458,22.7070760541321,2.25687548803773,29.4808073785549
57.9408919041199,106.016919206389,11.4017050016748,207.214776521505
66.6349924968661,124.3518799102,17.6826989052186,156.680948899722
32.1814062277659,60.390702353433,7.86931138106631,141.321949681673
289.527390279336,520.15169139313,45.2081585994652,850.818725756613
93.6058204318868,166.942618803667,20.0354734507349,242.536280969466
19.508566824199,41.7002764228477,4.21191764583699,73.0379553377638
49.3069165107331,82.3582124420581,7.91252308480269,132.122122940863
30.1977902681819,58.7373967961539,4.3568222855093,83.6435296771126
12.9560875318117,30.4175246864703,2.22134641353548,46.4432774600398
596.484094587498,1031.15299345784,93.8379817921505,1832.70360782111
26.8886616048079,48.6040955043504,4.90468949767625,73.2440009791484
89.6749871211654,161.509614339957,12.8850635435754,201.711799811274
20.2117924941986,42.3513193094799,3.46522811614741,67.3834288694769
766.484392291883,1409.5597064713,144.922452750919,2636.8194093226
292.919804640003,561.2940340188,46.9366227822396,1130.58719443808
137.232438299204,257.519399948944,22.6573538969384,481.609757251958
39.287811911712,73.3518457050151,7.33210410690758,119.078450405981
78.0456950001157,158.604132029888,12.778159876468,214.905916026055
84.058605237575,151.141446303376,11.7245980052908,231.340098709108
17.2601577745801,38.0580992688036,3.11020016013506,54.4812307747212
13.7069698697239,33.8910327101384,3.31768441234525,45.9408609657643
106.005655055262,185.856589445824,14.4815022826995,465.862519213977
53.3440021294539,92.7518806760335,9.38596838796908,195.948985438631
24.9524077766553,46.6408848534776,4.09640276520314,72.5747025644338
7.5003102878371,19.7520474193091,1.51730283682128,24.289683393316
22.4545980350545,43.7997183581561,3.81094214299781,65.022740173266
9.12456853479053,25.5297645443227,2.40055332486016,32.1401539458697
20.0959962341199,42.2212039297572,3.46344836886279,70.5706767270587
660.198076700456,1186.390986297,149.496642761901,2433.68921670614
188.316609455995,340.5467296922,41.8978402079991,585.077106672607
18.7609848644396,42.1744400215597,4.25293138975833,60.4587295566125
14.5786060704733,33.8892884845053,3.39338794476043,51.3088973701227
43.5373756522366,80.261940498365,8.68024465045813,139.001616054841
34.547811715359,67.7323949596403,6.11671690675336,114.622110659028
22.5134726239225,45.5610028762906,6.63771438254015,87.7882651660462
22.2955098244035,50.5561997759799,4.26327860124212,75.2789674679297
66.4542980409577,108.082663523393,11.2760181759977,187.159670117203
26.8284914544934,53.8001844907071,6.59129855871644,68.8464024674862
13.6174641118093,31.9488693520648,2.67835538084175,44.7142204730944
7.91953129620146,21.41758334453,1.42234810612161,20.6447387614029
39.571131700239,76.6211137204131,6.33997975260748,162.317661889596
187.553875454074,324.422965798643,25.1263193590046,646.510382026565
22.5760283463624,42.5540266638546,3.51165703777375,55.7647979441146
15.4086229241212,34.0667216851371,2.64924609002479,39.6993787630657
19.7798113007687,42.8142244347568,2.91954013071101,65.8003522195633
28.9195372279865,56.4274929775167,6.40342179210604,78.1014811013127
32.2569208335161,60.8759129499431,10.8744020443272,94.4164902850585
20.2186045795318,40.1704106115468,3.47469996032059,64.0218698698002
35.3904070663373,64.6181357064758,7.84207444932616,87.7943511458096
18.8870537422102,41.6650937639372,3.47480486568796,61.0239528473312
32.1266931695009,65.5000609721792,8.49445281924171,85.8764951539941
88.0818003767071,157.568972740018,15.1485737731992,253.538093450935
23.6778618994777,46.0089161671157,3.91851716706101,71.9999462646942
66.739707456131,117.548675930558,7.31918560837339,183.947541616056
31.6068892806196,57.9760163529419,4.78800950219986,107.429187543093
30.0221814578915,60.3862961367712,4.90283403625515,106.386264705914
21.3565066816445,46.6924235976449,3.02998230337759,61.0125701189854
13.920232702025,33.6217471571239,3.27869177789873,53.6430984393528
11.8867916262337,26.0047348682603,2.92965061432083,36.1847914740526
60.5596965389308,107.493081816735,10.0985358137061,202.522505191396
139.750013025007,229.622428502584,24.6135755250997,314.948665656157
103.159907464581,183.590738863361,19.9272551137468,292.651451166019
51.8156528271572,96.4852820468279,10.9846571805886,171.892686730445
50.6459922885814,106.620229181591,8.25313933649792,162.625760277734
20.5655554356365,42.612603077726,4.1717882187648,61.3072866389139
46.8920605588383,83.3834195440682,14.2911324707089,161.110435210215
20.1674410258121,41.0760493323905,3.95581908653849,47.6540977380758
45.4453702012163,86.0640339487255,7.01399503628143,158.59362428899
75.9681336920704,130.883151062151,15.003191263713,266.089014374294
19.8063512372785,39.2492963648181,2.89407013600885,73.6860480479567
28.7638595192903,56.6530536826936,4.34984957260234,120.625303242505
314.139982018722,559.221349220041,44.1635012709301,698.031910432234
40.3147723745739,72.302412385541,6.18969079789242,88.5698140383557
11.4347559886053,27.4785449774166,2.71476744956894,43.0916182134647
560.256623413596,1031.05561908095,125.40275905523,1894.48880893263
577.964102591462,969.309239251353,89.311251355894,1524.0870425801
55.8284044696204,107.310995424775,8.78653580485904,183.447423619428
49.6186374989927,90.2007805535778,8.51666817786948,152.624956092827
9.70327866377719,22.1484041242497,1.54257197917433,27.6910752649626
32.4938341631944,59.3622323234692,6.23547090616323,92.2329240903525
246.679642144264,464.558291491296,43.4602995647559,779.607445611521
18.2299851716467,37.8440565627039,3.81930437929075,59.6732125744407
49.2559812961279,90.3299793099858,11.3246057371898,164.700251938936
15.6302252482794,34.2774471748121,3.53922881482591,56.1480427961545
13.1461652419853,31.1992241100952,2.82651886114762,48.430411614646
38.1982705832819,67.5871970887248,8.15418008414344,126.792833400878
42.2983860981426,84.7839543302113,9.50764793146863,171.799573236185
414.609657692252,734.635188237043,62.577284059974,1267.55784381697
128.510381572601,238.454214561808,30.7249739455266,398.473244876157
23.0761385386139,40.1137955635165,3.77353804025352,63.1392383743963
26.1377771265885,59.0889657533558,4.58102691458673,75.8534251369898
31.1118999482806,58.7025363047474,5.97090239529615,102.090861823432
11.734052117963,28.7994205816849,1.76894006789138,35.2818303860085
28.3076605057935,53.5991867152189,4.98600119979763,91.164429607721
29.5066597570829,55.929221920261,5.98964659685219,79.2240927364148
21.0171519486053,42.2503949314724,3.29210758018848,69.4386286344466
135.610294230285,266.070991092526,23.7162804658094,279.63483356946
272.526641514024,507.4301691907,56.5816606192414,1038.41658001411
13.3660679574714,27.878492481491,2.48230262637041,36.5181073700424
10.6576749366505,27.1255906743078,2.05701519452086,35.1682120055287
23.9350839511765,46.090516802009,5.71300542211734,84.44350628676
10.930850997195,27.939310050828,4.0509040329639,36.7692660598199
22.2657203776351,49.7589246572412,4.09291521374657,63.4408756470994
544.021457531067,900.192772536505,82.4804002026148,1381.32183700494
25.5489262562301,52.510806116181,5.33889138603799,52.0656352475171
35.3707161045117,69.6312758336901,6.45696039981108,95.1746545122508
204.990971398665,327.716134587318,24.9647971383083,460.679092068487
12.8076097863668,27.1657855737797,2.65933260688736,43.7678764666212
56.7345057199315,94.9493728024894,11.2522347306983,145.487794733818
42.7422733150701,79.0809564150497,4.20274916412971,112.600577778752
35.6650068286176,65.985898450767,7.10938539718945,113.612094120123
12.6145347532276,27.8331921564232,2.10799850726647,37.496161634916
113.21856156934,215.355647260788,20.8386795920469,356.378795467219
111.890375180883,193.352377553835,31.8337021949441,320.53315720031
180.969132859849,294.790997480654,34.5410049478042,515.519637094743
17.0657257377216,36.86670629607,3.66117835119713,67.505542569096
33.461065127288,67.3408528987813,5.30529869046738,148.227655956227
15.9787033708843,39.5582060505871,3.96503835302919,64.1417957245236
17.9340003113689,38.682450152962,2.44341285154842,56.8389907366226
20.0061802725032,41.3805435157654,6.09162110216857,70.3590337432205
139.4839861499,224.492313048941,19.2436460318638,422.974880366657
19.2896266544442,36.2203938210541,2.31130583861831,55.701665806025
203.940634873707,363.587735651806,36.5725858595417,533.464040469831
76.1376529399077,129.5735935771,13.3383244299987,231.661763293891
20.5933999331702,41.8095239370844,4.92093251706529,70.3891138313289
12.8615602187985,28.0465453204257,2.54699443192937,47.6466891200548
11.3221363365118,26.8131150985542,2.20703182316824,34.8599051446968
38.8143984513215,68.1556823879347,7.33446762302117,175.667056580421
54.899907520684,103.274927765604,8.43895464302174,192.103007339317
64.7046068041245,116.865800680438,8.12788664340326,254.251915043542
21.6181165427075,48.2724137806855,5.11117581762102,90.6437787643385
52.9347889553714,96.9009298075025,8.37694392566168,139.259853506549
81.3287270954142,150.403714199708,11.9174101517469,251.61280465327
43.3703251496848,83.4787476403574,14.2566076435438,145.596989371455
23.5585209506573,49.7925970908081,4.22839882880116,111.297035972336
17.5536300133802,34.5502755893524,4.87228984978879,60.450541241701
13.6982843270594,27.75955651879,3.08546408113232,38.3770670958517
37.7203253409474,69.1243777857715,8.55839799661517,149.369373864301
7.69472520492798,19.7909702833385,1.42939564471709,28.8970769863286
42.6456620043365,77.1324193123271,6.86919763719295,143.883943445961
11.4966465623659,27.783683595863,1.67755366371037,33.7794402919051
22.6524978915973,43.4766070618233,4.05138234640816,76.8015360080417
12.8666250390331,31.572158859149,2.74845564868065,48.1150113695505
18.5555085176113,41.0684657637641,3.27394559859662,67.978102691827
16.6316898232632,37.8483374781246,3.08119541472784,67.1670882407348
19.6278161015669,41.0159540830328,3.72338556685473,56.1769936252504
45.3505146213931,82.2081958746542,6.50526019760266,130.472592436719
52.423242524935,93.6926411932956,9.51118378278589,131.598000716386
29.5411737946395,54.6417445807861,5.51228862948146,73.2769116971545
12.0002900709509,29.2631734296668,2.85693918211869,45.3081199172486
19.3711916929231,38.4624730167118,3.28147104803466,52.9972488133543
84.0292304255877,154.491073560913,11.2134232246965,244.505684867745
73.1938391009657,112.559290788999,9.38845222566357,178.625050685919
7.85792799996775,20.876426324253,1.36916574380838,23.9059570631501
149.269171872316,265.888853438151,24.5605055136456,428.402592278386
16.8055735058407,42.0143901548853,3.96822277333225,55.5220709168785
10.434375076068,26.2789938517142,2.35834156102751,44.6826253622429
27.6213522725114,54.565339912707,6.51239345235391,90.5234055205484
31.7733327279406,59.966261194896,5.5167431178341,75.9335145403912
10.9019474383836,23.4267240827921,1.7528131850001,34.1285877650053
17.9665133995352,36.7474439375171,3.27015534277275,46.476492901689
36.933887381227,66.971287459592,5.21002627025116,121.395832478003
26.963360791026,47.1830821111005,3.63770335347797,72.7564781450347
14.8324199054514,33.8209971723732,3.66582804941875,50.7107902762483
15.4813243847924,37.1909192294997,2.80598193152048,56.8982239437094
49.5611295717429,94.9098127744454,11.5732169904973,130.327490551809
53.7073685067585,94.7478909187942,8.17235273602962,158.169993374912
42.7431771520707,75.2020793854134,7.03973394990598,118.304071808337
25.2349346435077,49.6570054819739,4.76742904525805,93.0000950039885
123.050020363953,202.296121244036,16.608991689248,385.097457377282
664.237045965081,1218.30389662604,132.860576323684,2749.15020807012
115.387825046773,201.326541448122,22.0568279405557,295.538300907137
226.39037224772,362.57227523705,51.8348837100132,640.845457481212
75.6751178351902,121.560296313939,11.6177349606873,237.708050394774
70.1550109919213,139.477076876202,19.0663331120009,177.956207066739
194.698286505839,369.286888785059,27.3561372065884,455.850520050258
21.0978455467147,40.7959180920974,4.90260502280901,62.8684583593134
21.3060279450545,40.3936032857003,3.08802940981206,78.0542329067719
25.6925829201865,50.8798711185332,3.42278941364268,62.8747695981686
43.977112152794,75.1331984252648,8.87252499896492,135.521000347311
18.7762395613565,39.4277176641364,2.76493531070058,53.6547460075975
11.8551684870668,27.4983849780345,2.00285285522403,42.0887052847867
105.479517531232,205.810807930163,14.9259935658357,349.499619938567
18.0567444225249,41.0562734274283,4.79687802743214,54.2665006738313
237.148199756291,430.889254964095,31.1431455562301,663.181036650923
29.2593225841651,57.5188885055797,4.144986096887,81.4090374718831
24.6521139588049,47.2773558285399,3.15361879708787,86.4647108365449
244.75178836467,439.07366890545,40.1279780263129,896.282515967888
9.86646399200564,25.0675762532484,2.35791897166889,31.1858281982912
841.512859941827,1516.37037226108,114.689885022847,2349.50390197647
24.7022848071068,42.2488462661943,2.51670815864393,80.3935004423705
21.4927251757112,42.3032637098034,5.03657673990147,66.6350236435584
51.1071479356266,88.3201344909692,9.73058643925538,123.292127135121
20.3585005903281,47.1820099169066,3.8149030180392,69.9049444418452
10.8411539224386,24.2058184310618,1.90837394451772,25.1131704847913
16.4652039089974,36.5873854762554,2.8328288449028,51.7906115908806
14.6027589586222,32.7650610529124,2.04381397082586,49.4569644627173
7.471718395693,21.7692649861286,1.12366142886172,26.1724498303942
23.6102731698931,44.2995484903516,3.635502176849,85.5471953300177
32.3378340645449,52.9289724392665,4.28179814879952,92.0275965204938
31.6802235481466,62.8776580916767,5.72767823039721,114.914431187309
242.007266563809,394.494387621427,25.313536722878,652.019435987696
106.807784256243,200.827332574959,16.4684082335559,312.737345069106
56.3192619767197,96.7401353540247,7.29694902163593,157.36303774771
60.6167633235364,104.474746518356,6.15641663111319,139.331486592673
10.5596007045599,25.4445434166513,2.21381175999502,34.265375803866
34.9210922013565,68.2466786550608,5.59779005593833,81.3605861557515
33.8059608137882,58.509707414805,3.38598684081627,122.492529327775
11.7603243534884,27.6726400902754,3.86285560110806,41.157193349541
20.7479508255157,41.1045684354484,2.93441165267304,57.2547214213046
53.1871626847658,96.1781621705266,13.5332842920613,217.321711707504
25.5374665506322,47.7696534998618,7.8736652713612,74.1077455698581
23.8112669832287,46.8321675062277,3.7575871872493,86.807471352563
25.9716734114025,60.3867927428374,6.80774833225989,74.2567741334901
12.7594702496787,26.0700950992513,2.80864035703537,41.0172529900801
10.5953649418203,23.7958684061699,1.75067816283305,27.6026889097772
149.222020710966,259.63315378814,18.1768202736985,391.078633426373
9.47645775933497,24.7035956070868,1.71303250226256,35.6779776076738
6.1380410991959,19.435122878467,1.68230475608655,25.1804085933391
405.986224659089,695.483112203659,65.1812656325503,1026.70510220738
28.0525728972599,57.4929172805089,5.81101613130362,100.385402650188
63.3340608131603,105.492739104702,9.93979774274498,123.229350787649
18.1877583086051,34.2595497265298,5.37254848257254,73.0412697010288
22.6748181545736,47.3519917892062,4.69213820800125,77.1533018938111
38.4872371040119,75.6370799265349,5.27454031114502,123.143272107396
498.877714943398,912.20227165541,96.1008723592089,1840.92474110705
13.9157025075071,31.282026982476,2.83311450870771,37.3113876049021
27.3141120868016,53.4036339680701,6.4962179402972,111.191486639122
54.2377805963895,97.7952200365923,9.08977477352797,149.79777390839
14.1734272092884,31.5505261807038,3.18675987653763,51.5872935013858
36.1100157380596,67.3102138886296,8.37282856288085,151.156104084796
171.03555804321,287.971351702773,35.2958190251463,823.817317340179
34.456535432818,61.0027535761869,4.61771523312903,98.4916766081569
21.6201937553812,48.4715919975123,3.05842606148914,66.9956248472289
69.8701083879048,129.509669426726,10.9528299195616,185.212242200013
26.8059422140378,52.8510998752084,5.41981590558585,153.55579561928
68.4096103052642,116.94880938831,10.7586837051803,242.286574523256
31.9232762663539,58.466258496695,5.41280450159466,98.5135340455554
94.336925786222,173.496732603842,15.0878026039376,310.931730789144
13.7143437930308,35.7438736091811,3.18122703522119,65.937881883868
37.3038393412394,75.3496932343852,5.68626228233379,124.725546535053
10.8233609794931,25.1591623323281,2.5356447734894,40.8448217983816
167.617138645168,278.10182186158,23.2170761831764,311.588511985542
46.9348051317332,99.9151118749532,10.5351910186027,137.96152673861
54.2712572577975,97.1841041503938,10.8841326456248,191.47315931968
17.5974717883125,36.8749976542669,2.54035771237178,40.437716394929
113.418507936568,214.595088933627,13.6779319047641,317.694653057172
56.9556792829933,116.352189383891,10.8608929615398,206.918007404113
1059.86952465403,1789.78632483745,116.064138445826,2944.79737460403
9.62304535130021,22.9585671422781,3.05877452084239,43.1036075841737
48.9931917967397,96.9296435438904,8.76525961188015,135.186409201857
87.4590378415095,163.703148534806,16.0367416106635,168.672950741068
36.5851583860614,64.6884972110468,6.67393448699374,107.711755388926
260.461569334122,424.15138466115,38.7982894823073,852.477481869148
111.182286596235,183.000694253241,19.1253322088707,300.828532266375
27.5136529477347,59.3701239884173,3.69147201199606,96.320251660998
24.5091757187861,44.1974519513412,5.32168350637893,74.5299926818117
19.9887709263677,43.6470182443482,4.23629355125254,59.3577987472623
8.56911606586567,23.0864774264584,2.03595130608367,24.0626332364684
15.1620814280143,30.7751255465575,3.33189618110833,47.1860964830362
11.6595427170036,27.5451789619121,1.92449556653608,40.4287522173407
51.3058387968629,92.8327105225838,6.58932061899891,106.137415889235
17.6992329117625,43.9508151768315,4.00301403349778,54.7457213667491
84.3644590268747,159.040750509681,14.0172542821241,289.863809949924
82.0844222630211,139.175194115354,16.7068331979188,273.17661778357
99.7099713236505,211.628972443174,18.5775065145685,335.319953770804
43.4316869011535,87.7750498866092,5.93520975073884,136.14128391894
13.1203389683298,32.743983412188,2.08780902865176,49.6541890719775
29.0606026828104,54.9193710659907,5.27013938186753,101.211594533917
9.39733394628092,22.3264498464761,1.66839692350633,39.4264947977941
73.4182551127911,133.327964833587,8.80524253809735,200.892478570962
10.6310504979321,27.4777292671855,2.0022823924448,37.7528449561069
40.066583114212,69.5407900939897,7.52732989381598,106.393327824831
60.1726920890919,120.542270669961,10.2658126977546,221.957454271333
20.565721745206,38.4848171073488,3.84529020164724,69.2262981335376
360.008562552908,653.693800734272,37.4768289907408,932.488441537488
104.828625677414,176.411165940036,35.0838410512534,372.126652388387
25.1792969071498,56.2268805801369,4.6924650723648,83.2995870604728
204.057376242536,376.844333425642,40.881989403948,501.283112430294
55.4840892025847,97.2626395543732,13.734923523591,166.701831752426
137.450000634141,239.866689136506,16.2062222377686,367.376126790298
156.776697924964,273.874004176171,17.6773228060986,556.584140873017
31.2283588050169,58.5852165603646,6.86008333862847,142.173077187138
41.6340638096733,77.5037183990003,10.5967817158184,175.25681113014
22.2142383147981,46.0026859385529,3.62702647998865,70.2978085483014
12.2587248389885,31.0928216706926,3.06926570167204,44.7115862926633
25.4998573048644,52.4869008920304,4.90004700280973,81.2677193532886
91.1663331785684,157.342627715414,15.1368556287239,298.705468150448
31.576829538221,54.7040220172162,6.20536432991735,112.391033103554
62.4785054720335,115.737777626305,6.8362776708833,181.516990040278
22.8870142251617,41.8276263371076,5.73028573587104,56.7613008798364
26.2677434440576,47.9897292107393,4.27219416338335,58.8496020626705
30.4489067606519,59.8363082233664,6.04582508352484,103.225136226725
411.54224558276,721.885420751276,63.6773904283444,1538.29806773605
24.2955626976613,45.8841011473754,4.32569542063146,81.1558451192159
45.0095365274181,88.2593231016817,9.08053980945495,153.659960366199
87.2063486430936,152.01488293114,12.121425263771,287.907245941839
17.6799653777778,43.264819095827,3.08387304328668,50.2509839295828
245.097658764047,453.444628652273,34.8659373996246,702.644389674751
43.6116175261033,76.8118559066373,6.59215008221419,140.782795729331
174.169965429076,296.605714785633,30.2112295469748,739.177830924835
10.661781049618,23.8639597052021,1.58468958999884,27.2612766835987
26.9588545606099,48.4547908582628,5.94585151026964,71.0701893999218
17.1675279049692,34.6756685571977,3.09601291690131,50.5656695790146
18.3106946349278,37.2371923571096,4.00733156168414,50.4108684734064
11.171695316898,28.7128361974692,2.91114905999595,29.4002118483189
23.0310226886168,46.1629003002282,3.7426200197861,59.1152993863485
580.205951350353,949.851788257342,90.476730450738,2030.31852856461
572.961414945565,966.454856415286,111.616910281919,1421.61770825016
29.7344127664882,70.2173941874683,5.69788514811694,72.1484048250397
59.5238099712346,93.7990645114664,13.745330179103,263.481667185016
345.182735010877,618.50392750037,55.8380675606687,1003.50689671613
75.0120422595075,134.876232139124,11.6685020965281,240.095597763019
25.9234956582014,50.4272490051655,3.8976949363406,66.5650938241877
2325.46904846738,4483.57953079973,419.313194676551,9115.47088637944
39.2628996060472,65.017423346327,6.81122195138991,116.929454331501
34.9885771763623,67.840266572867,4.58572319185852,99.610663688555
12.6098854239594,27.2215140622532,3.87079665995137,42.7508462485758
1192.98056633218,2231.30694846812,215.07222799759,3549.23453107156
20.1049217954629,42.7195617949085,3.3640832183786,62.0363385364647
36.6788107037894,69.699607887353,5.70147611206904,85.9649788016402
71.4984147681888,135.010061816241,13.982163600787,327.859003132146
16.1653794552436,34.9151115164034,4.00932078214977,64.0792481610892
21.0649991000564,41.6380675788306,4.68438965655657,51.5104585764972
28.5012352215632,51.7710861210745,4.52142393781147,111.3133859546
341.819107451079,578.638142483036,88.5761095628227,715.349823496158
28.0191636182782,49.3279854533963,4.62434859794733,134.581086937035
20.5202134057881,43.4752901253612,3.03095467916565,65.4264570079833
9.93692732302573,24.382449573748,1.60577760971435,26.021463880685
70.0605574837221,125.736736092523,18.310534944541,211.250551277284
27.8515978847868,59.2561446497215,4.75017136241081,110.975993503593
22742.8627648103,43754.0429310107,4594.24192162729,88917.806385353
86.8762704293722,165.056089154479,20.4116109718088,332.279578989805
42.4443622867921,88.7116543708619,12.8154270259305,136.458799047393
16.4588098416955,36.4696433668266,3.68638613735276,56.1072058124054
341.930878578186,665.296115776111,62.8557725673132,1600.02032511069
28.9416852334983,54.2516101326277,4.73978859835815,73.146232184301
729.933296645473,1385.13153926514,120.153258393431,2169.3138630512
24.8888807159591,48.3657999943228,6.2718253084185,112.128544549094
27.6327224107064,50.0907943080679,5.45919443963065,90.810405332465
41.0902460910044,71.7705735151849,5.85484486251521,124.401163278021
38.6131493296183,65.289233134293,9.2347281250035,178.744501345492
602.856758520228,1012.022867753,95.0034091801043,2360.30739554007
30.0379898588276,60.5486108055914,5.34966976195176,99.4443268079664
149.340545266516,253.212597989094,29.9269809861052,533.843278244106
33.6031656345137,66.4422849447824,7.2087310102678,182.022149766463
31.6806363501645,63.9561597937835,6.46165343124063,127.018758166321
9.55674607734547,23.9390992849149,1.64135430736724,41.8933557677737
34.5123462912696,62.3039589003855,7.95490835130357,83.8711100872347
22.842389303679,43.1645264858875,4.29938150842487,82.6271571612207
42.6577200782188,78.4512100332838,8.65703632015091,222.3638184144
40.6971544035938,69.653043502614,5.43924757873495,98.0713507362943
12.5225930943822,30.228970519431,2.87243469222312,38.8721517146846
53.618751854103,104.801996081103,9.90858243539225,129.459167181356
78.7731553591506,136.786938216011,9.77045285192905,212.299040162874
23.3309062065468,48.7609139133636,4.71466722960285,72.8551598124574
10.4183243209494,23.5021618334952,1.76536114855108,32.5924359771724
24.6884326264303,44.1407470664835,5.21199039312599,59.9917402611702
16.8660359644865,40.5684175473687,3.37320601073584,63.8099857284768
88.3979538322675,156.968868878162,14.3939165648511,171.830537532126
15.4638433096063,37.3965014736031,3.69409683737958,57.0493754818826
31.2114913895557,59.5805321214951,4.48157798098286,135.628229747938
27.7846186347221,52.032856516154,3.87224113619202,74.1538093209522
30.1921374315205,64.7439998986123,5.15938043466933,101.210696003344
20.9714130696555,47.1272198480745,5.06683431088808,66.1591863433131
14.2809683274818,36.4431028229033,2.92075970278876,46.7763792486163
29.7021726698276,56.7405870082457,5.83158339818106,124.865503112089
13.3661988389416,30.4466511564318,3.49454065493595,51.3301822505644
59.3557803127452,123.081003033716,14.3342914423624,210.124355073382
13.9305022535871,31.5397258549148,2.98064684884692,51.4455385533374
6.95252052779212,19.9017195989194,2.20715735311019,26.9328695531558
10.5402776612746,30.3018634433241,2.31796890626357,46.6537426649724
36.6041190262339,67.9562899353245,5.6238628772439,130.405167443223
19.4693309525907,46.3542509731714,4.2675741232261,75.0269504771849
90.4254014021583,149.350930510778,12.5863608867644,338.775492399922
108.896292029524,224.002958423931,17.1383881081295,329.684330920055
65.2974661667519,109.991132334933,9.11035634711477,154.170077679594
9.86278868500681,26.3172358411591,1.72433543872291,41.470463242091
17.1251702623076,36.9914058052277,3.41852027594268,50.0419143258378
50.5733029486359,98.8123983597128,8.15536433921753,164.325776448225
26.0611365088219,47.1169281767923,4.56319034917249,94.1232046940861
26.4383416486689,49.6362322473684,4.18399055492442,77.8368759216183
20.6352981098811,47.3650982410835,6.45854928904034,74.3966518983028
44.9754316706978,87.3918341687549,13.9631113623419,196.168459775911
55.9642041523271,98.537998044026,9.51641876043776,159.886120401437
77.2682663875907,132.583547575891,11.3740160457451,196.174114448909
117.968812760844,216.593706870758,26.3474338083205,373.517679483667
43.4109364079407,74.7705518164663,10.292928935785,120.799396102242
22.2792758303982,43.548637617486,3.15132396728949,56.079450852895
17.4955735775232,33.6799112469315,3.73815035450756,73.8764068985085
9.66823218521112,23.6305627935202,1.61171703740651,37.8283381502735
19.2262697052794,38.2921530440498,3.60180136311198,57.7677027607047
28.5630211646746,55.9932592998695,5.73184702127886,83.2815069900454
7.74949337548815,19.8550740565338,2.18063660535047,23.3825052659935
16.2533443132894,34.8168938028261,2.621147868287,47.589641999819
298.423178636568,551.569314933009,58.0920248358415,1044.33199726099
27.0057257703321,53.7626062676879,5.03533812880452,105.278487162716
31.0660272786425,61.7389125881402,4.14556083981067,82.0484480818051
18.0749833988637,37.5692054913214,2.629651203271,46.7987284864392
66.2117326094036,124.049922329934,10.3611337211132,165.434085818052
36.2058405552202,72.4727153914489,7.3836101553143,82.3264959676892
399.808363668826,653.496586093707,53.0460211938872,1344.02131977868
178.998231281654,340.881662336838,18.5265337640656,459.478317378386
44.8344710659888,75.5383141152282,8.67623301259571,181.898906985246
178.746360058331,329.475187789146,29.701056864825,496.441401699841
6.94332366558806,18.4596994592842,1.55702519706112,21.2977376729958
58.3927813030368,107.472760776558,7.79972871245857,171.055561354262
118.006496939098,182.676408673981,15.4363833148391,269.247625519306
38.92252842314,74.8302055044248,8.72698674919016,152.159261690638
12.6372654133031,30.6804173471542,2.12033410780719,47.6512984707833
6.67463803871802,18.6413838914235,1.57978824170683,25.4537941030085
70.7255923415751,132.252718770819,9.04586794250945,222.901486377286
20.1102491965793,39.6554377869748,4.79530615289482,70.3167613922424
50.3654763965557,92.2787578711202,7.30375672734808,124.062284971132
18.4170645651858,36.9183666108535,2.92929387814063,49.8828757256322
101.386664443041,177.021114518322,17.0781994686447,232.042800152319
11.4819745810167,25.3775529581924,2.3911827858808,36.6659237633769
2067.91404660088,3818.47029447859,369.785060464078,5084.26287034829
126.724010453071,224.146715652541,29.7347358068825,563.379822103153
24.6037162903607,51.0949769133698,5.98430146856826,82.5985109971642
17.6903218519254,40.456843027206,3.13019263002659,44.121751519715
44.1176412381456,86.4981729225134,8.25630082771801,149.488484228011
220.473765761355,423.448397460897,34.3812129767356,571.276545588267
33.5994345005462,70.4831186465435,4.58036747575621,107.167380958196
28.6989414774425,52.0416830865144,4.31535456692952,83.7857314904513
27.8109561670391,54.9894738111943,4.58704370996259,110.648647278965
12.2394219325149,29.4700772366305,2.01434517310475,37.4905682090397
33.1048703075768,62.8032573394298,5.08586722696469,96.3239076834343
85.5152782118152,141.738358658847,13.9157712963933,177.344860431594
34.2831807649259,61.4418589848119,7.89400358462787,138.015437574257
8.88028109633837,21.4643767722015,1.6396445211236,31.8144458519983
49.0713846214639,92.6938557671662,7.93842550620205,140.465280224092
57.6249144907393,107.698800823764,10.7895467262574,195.699072475608
15.3976819109491,32.6718970753151,3.49752280868137,53.0320038954667
23.0841513581477,45.7824725753447,3.21560899461537,74.359502298562
56.2360519282365,109.095272178826,10.416910533523,192.935230172663
40.4500342124555,72.7139279872022,7.04436308497075,100.045616117673
34.7466629218542,68.7928213926644,4.68719291185037,86.7328319790534
32.8700890518112,60.6991516673885,4.99344511397808,77.8795437354064
20.5575775448671,42.4908856507355,4.96017137937124,63.3706229142533
29.8541279523437,58.8205219396381,8.59409674992989,94.7730556333612
18.6641811815668,36.7702405270682,3.98655363069375,69.8302785368301
24.9237288775508,43.9994083396682,3.57976032200174,69.4931194037992
9.99289968816297,27.3004079978805,2.50824519130031,44.5870540863153
78.4926924472268,140.534680961976,10.3439352346642,187.088299266286
106.541295976484,189.859894962762,20.9827363107401,369.037656581863
23.1418988194863,47.2846656858433,3.89981942441775,74.4071209808121
19.2798550088402,40.3664097947547,4.66364168735752,58.8522143084263
44.5598579070566,76.6127992643387,5.52298854470806,105.717565261065
16.8100053952267,34.3078890949244,3.73887587334426,49.9647794775784
24.7157131562548,49.8887007124037,3.83018496359015,80.6462442567999
27.7393481762624,54.2709484336168,6.24322572742287,81.107915795071
57.482312057326,106.113025184962,8.78958374827025,150.393991069617
20.2669352094535,39.774339482122,3.77200180813579,65.1884325012757
12.4164984976295,30.8697235012573,2.34522033655207,56.611752201114
109.905676894064,189.897763797198,10.6954070593846,264.398803426469
129.920779701331,213.268755156007,15.9388738158442,391.276839863202
20.6478995613175,43.3169344186575,3.28671328485691,74.5629042770098
43.2919464846386,78.6268319686698,11.0156849500609,118.422811196498
55.9588870686903,97.0625240958517,10.4018469028881,191.321891448172
18.0248165560133,36.7262032304884,2.87949949877305,61.1025437818196
10.2228608939717,24.7327445582643,1.70961430734703,41.5874321186549
895.586930341137,1664.76943067143,156.025704158873,2599.92186851945
40.2042988836637,77.1407008625789,9.99282926054138,166.486797678855
142.657737444915,251.299571047974,33.267493547077,459.976470549703
135.045178207098,244.194973915812,20.716385616433,464.007566638869
144.75297399711,292.27949425834,22.4645689004114,370.430667993699
23.9797698362692,45.8548046164733,6.529234365393,104.901546621713
8.91373603038003,23.2554829165487,1.65795543301673,41.0941758255743
19.5265729696076,42.9130517614712,5.86524409394506,71.5373387989951
60.0735424708845,106.715223874883,9.67804775455854,200.857016337326
42.8694475609642,75.7337156180323,6.95318836824664,168.194668489681
12.6107972911741,27.8808565258215,1.84653979442764,33.6298655945202
77.3001386093865,143.312659646231,16.4049883049021,311.700113928421
524.274379296939,988.571872334478,86.8674435617128,1797.95018628902
13.153522467233,26.7210087122836,2.26249875593166,52.1986436491381
32.3117863987417,62.7675463034829,6.18612132848265,131.219410538683
12.137451363263,30.5272429524247,2.34046680294807,44.5696062907337
37.4861953305529,75.3906729225086,7.38961899393677,143.338738165081
19.8355593642441,41.2186051318958,3.76750115972866,73.5809905929284
49.7335085356967,88.1276114599987,10.4260813535226,151.730690991337
14.6393383670315,32.4139322059686,2.39447374005725,52.1842570003751
36.7098311704856,68.3114448037636,5.38983260600745,130.51397341751
59.9302320397956,108.143231379122,7.94518024488872,183.049712958953
116.038744355059,205.10466270541,28.4568882663227,258.955739542406
178.764326148802,288.87409423579,21.5195230608356,546.871953614855
38.6678094729355,75.0240267055987,3.8746867346941,110.132398509945
236.046009068983,388.622479413747,32.8757517997293,805.232272067853
7.60516947806888,21.1731694321376,2.09693732506477,27.1287047116787
21.6748119035632,39.5913063933956,4.74628375320707,90.0700689024007
16.6322924686715,38.8528251217904,3.3325358535936,42.1386330664135
27.4061751366881,50.6182054090306,5.36980951035626,79.8874137003455
19.64673637375,42.2323514458468,4.32968154540111,57.0425744008975
40.6644646819118,79.0593303359278,11.8830962720683,187.974372855206
25.4933243361996,50.0037718918837,5.55996193029707,86.3985812973272
29.0064709326884,58.2791363193478,5.95026248033028,85.885445383017
20.9163822034227,38.7836573148182,2.72004366718188,63.6341343263491
15.4100388612747,33.6118043256771,2.80284008913602,55.1418310709415
16.6743364847752,34.5374850885118,2.48156432110011,72.0297193324297
